/*
 Navicat Premium Data Transfer

 Source Server         : localhost
 Source Server Type    : MySQL
 Source Server Version : 50538
 Source Host           : localhost
 Source Database       : huay

 Target Server Type    : MySQL
 Target Server Version : 50538
 File Encoding         : utf-8

 Date: 02/26/2016 22:45:11 PM
*/

SET NAMES utf8;
SET FOREIGN_KEY_CHECKS = 0;

-- ----------------------------
--  Table structure for `tb_bank`
-- ----------------------------
DROP TABLE IF EXISTS `tb_bank`;
CREATE TABLE `tb_bank` (
  `b_id` int(11) NOT NULL AUTO_INCREMENT,
  `b_name` varchar(255) DEFAULT NULL,
  `b_number` varchar(255) DEFAULT NULL,
  `b_amount` double(255,2) DEFAULT NULL,
  PRIMARY KEY (`b_id`)
) ENGINE=InnoDB AUTO_INCREMENT=29 DEFAULT CHARSET=utf8;

-- ----------------------------
--  Records of `tb_bank`
-- ----------------------------
BEGIN;
INSERT INTO `tb_bank` VALUES ('1', 'ธนาคารธนชาต', '000000000', '0.00'), ('2', 'ธนาคารกรุงศรีอยุธยา', '3333333333', '0.00'), ('3', 'ธนาคารทิสโก้', '4444444455', '0.00'), ('4', 'ธนาคารกรุงศรีอยุธยา', '3333333333', '0.00'), ('5', 'ธนาคารธนชาต', '1111111111', '0.00'), ('6', 'ธนาคารกสิกรไทย', '1111111111', '0.00'), ('7', 'ธนาคารกรุงศรีอยุธยา', '1111111111', '0.00'), ('8', 'ธนาคารซีไอเอ็มบีไทย', '44444444', '0.00'), ('9', 'ธนาคารกรุงศรีอยุธยา', '44444444', '0.00'), ('10', 'ธนาคารกรุงเทพ', '1111111111', '0.00'), ('11', 'ธนาคารซีไอเอ็มบีไทย', '1111111111', '0.00'), ('12', 'ธนาคารกสิกรไทย', '3333333333', '0.00'), ('13', 'ธนาคารกสิกรไทย', '11111111', '0.00'), ('14', 'ธนาคารเกียรตินาคิน', '1111111111', '0.00'), ('15', 'ธนาคารยูโอบี', '44444444', '0.00'), ('16', 'ธนาคารไทยพาณิชย์', '3333333333', '0.00'), ('17', 'ธนาคารเกียรตินาคิน', '1111111111', '0.00'), ('18', 'ธนาคารกรุงศรีอยุธยา', '3333333333', '0.00'), ('19', 'ธนาคารกสิกรไทย', '3333333333', '0.00'), ('20', 'ธนาคารกรุงศรีอยุธยา', '3333333333', '0.00'), ('21', 'ธนาคารซีไอเอ็มบีไทย', '3333333333', '0.00'), ('22', 'ธนาคารกรุงศรีอยุธยา', '3333333333', '0.00'), ('23', 'ธนาคารกรุงศรีอยุธยา', '3333333333', '0.00'), ('24', 'ธนาคารกรุงศรีอยุธยา', '3333333333', '0.00'), ('25', 'ธนาคารกรุงศรีอยุธยา', '3333333333', '0.00'), ('26', 'ธนาคารกรุงศรีอยุธยา', '3333333333', '0.00'), ('27', 'ธนาคารกรุงศรีอยุธยา', '3333333333', '0.00'), ('28', 'ธนาคารเกียรตินาคิน', '3333333333', '0.00');
COMMIT;

-- ----------------------------
--  Table structure for `tb_bill`
-- ----------------------------
DROP TABLE IF EXISTS `tb_bill`;
CREATE TABLE `tb_bill` (
  `bill_id` int(11) NOT NULL AUTO_INCREMENT,
  `m_id` int(11) NOT NULL,
  `bill_number` varchar(255) DEFAULT NULL,
  `bill_bet` double(255,2) DEFAULT NULL,
  `bill_bet_discount` double(255,2) DEFAULT NULL,
  `lot_type_id` int(11) DEFAULT NULL,
  `lot_number` varchar(255) DEFAULT NULL,
  `bill_datetime` bigint(20) DEFAULT NULL,
  `bill_note` varchar(255) DEFAULT NULL,
  PRIMARY KEY (`bill_id`)
) ENGINE=InnoDB AUTO_INCREMENT=115 DEFAULT CHARSET=utf8;

-- ----------------------------
--  Records of `tb_bill`
-- ----------------------------
BEGIN;
INSERT INTO `tb_bill` VALUES ('1', '1', '10', '1000.00', null, '12', '16022016', '1455201117', '10'), ('2', '1', '10', '10000.00', null, '12', '16022016', '1455201205', '10'), ('3', '1', '20', '5000.00', null, '12', '16022016', '1455201268', '10'), ('4', '1', '20', '5000.00', null, '13', '16022016', '1455201268', '10'), ('5', '1', '1', '5000.00', '4400.00', '14', '16022016', '1455201477', '10'), ('6', '1', '1', '5000.00', '4400.00', '15', '16022016', '1455201477', '10'), ('7', '1', '20', '5000.00', '3350.00', '12', '16022016', '1455201601', '10'), ('8', '1', '20', '5000.00', '3350.00', '13', '16022016', '1455201601', '10'), ('9', '1', '22', '5000.00', '3350.00', '10', '16022016', '1455201706', '10'), ('10', '1', '22', '5000.00', '3350.00', '11', '16022016', '1455201706', '10'), ('11', '1', '100', '5000.00', '3100.00', '5', '16022016', '1455201977', '10'), ('12', '1', '100', '5000.00', '3100.00', '6', '16022016', '1455201977', '10'), ('13', '1', '100', '5000.00', '3100.00', '5', '16022016', '1455202072', '10'), ('14', '1', '100', '5000.00', '3100.00', '6', '16022016', '1455202072', '10'), ('15', '1', '100', '10000.00', '6200.00', '5', '16022016', '1455202193', '10'), ('16', '1', '100', '5000.00', '3100.00', '5', '16022016', '1455202385', '10'), ('17', '1', '100', '5000.00', '3100.00', '6', '16022016', '1455202385', '10'), ('18', '1', '123', '1000.00', '620.00', '7', '16022016', '1455202734', '1'), ('19', '1', '123', '1000.00', '620.00', '8', '16022016', '1455202734', '1'), ('20', '1', '132', '1000.00', '620.00', '7', '16022016', '1455202734', '2'), ('21', '1', '132', '1000.00', '620.00', '8', '16022016', '1455202734', '2'), ('22', '1', '213', '1000.00', '620.00', '7', '16022016', '1455202734', '3'), ('23', '1', '213', '1000.00', '620.00', '8', '16022016', '1455202734', '3'), ('24', '1', '231', '1000.00', '620.00', '7', '16022016', '1455202734', '4'), ('25', '1', '231', '1000.00', '620.00', '8', '16022016', '1455202734', '4'), ('26', '1', '312', '500.00', '310.00', '7', '16022016', '1455202734', '5'), ('27', '1', '312', '500.00', '310.00', '8', '16022016', '1455202734', '5'), ('28', '1', '321', '500.00', '310.00', '7', '16022016', '1455202734', '6'), ('29', '1', '321', '500.00', '310.00', '8', '16022016', '1455202734', '6'), ('30', '1', '210', '1000.00', '620.00', '9', '16022016', '1455203045', '1'), ('31', '1', '201', '1000.00', '620.00', '9', '16022016', '1455203045', '2'), ('32', '1', '120', '1000.00', '620.00', '9', '16022016', '1455203045', '3'), ('33', '1', '102', '1000.00', '620.00', '9', '16022016', '1455203045', '4'), ('34', '1', '021', '1000.00', '620.00', '9', '16022016', '1455203045', '5'), ('35', '1', '012', '5000.00', '3100.00', '9', '16022016', '1455203045', '6'), ('36', '1', '1000', '5000.00', '3000.00', '3', '16022016', '1455203414', '10'), ('37', '1', '1000', '5000.00', '3000.00', '4', '16022016', '1455203414', '10'), ('38', '1', '10000', '10000.00', '5000.00', '2', '16022016', '1455204283', '10'), ('39', '1', '100000', '5000.00', '2500.00', '1', '16022016', '1455204299', '10'), ('40', '1', '100000', '10.00', '5.00', '1', '16022016', '1455206725', '10000'), ('41', '1', '100000', '10000.00', '5000.00', '1', '16022016', '1455211693', '10000'), ('42', '1', '100001', '10.00', '5.00', '1', '16022016', '1455211744', '10'), ('43', '3', '1', '1000.00', '880.00', '14', '16022016', '1455269962', '100'), ('44', '3', '1', '1000.00', '880.00', '14', '16022016', '1455271006', '10'), ('45', '3', '1', '1000.00', '880.00', '14', '16022016', '1455271007', '10'), ('46', '3', '2', '1000.00', '880.00', '14', '16022016', '1455271038', '10'), ('47', '3', '3', '1000.00', '880.00', '14', '16022016', '1455271065', '10'), ('48', '3', '4', '1000.00', '880.00', '14', '16022016', '1455271133', '10'), ('49', '3', '5', '1000.00', '880.00', '14', '16022016', '1455271159', '10'), ('50', '3', '5', '1000.00', '880.00', '14', '16022016', '1455271159', '10'), ('51', '3', '22', '1000.00', '670.00', '10', '16022016', '1455271453', '10'), ('52', '3', '22', '1000.00', '670.00', '10', '16022016', '1455271453', '10'), ('53', '3', '33', '100.00', '67.00', '10', '16022016', '1455271550', '10'), ('54', '3', '33', '100.00', '67.00', '10', '16022016', '1455271550', '10'), ('55', '1', '33', '10.00', '6.70', '10', '16022016', '1455271565', '10'), ('56', '1', '33', '10.00', '6.70', '10', '16022016', '1455271565', '10'), ('57', '1', '1', '1000.00', '880.00', '14', '16022016', '1455271611', '10'), ('58', '1', '1', '1000.00', '880.00', '14', '16022016', '1455271611', '10'), ('59', '1', '11', '1000.00', '670.00', '10', '16022016', '1455271641', '10'), ('60', '1', '10', '10.00', '6.70', '10', '16022016', '1455271652', '10'), ('61', '1', '2', '10.00', '8.80', '14', '16022016', '1455271711', '10'), ('62', '1', '3', '100.00', '88.00', '14', '16022016', '1455271728', '10'), ('63', '1', '3', '100.00', '88.00', '14', '16022016', '1455271728', '10'), ('64', '1', '9', '1000.00', '880.00', '14', '16022016', '1455272262', '10'), ('65', '1', '8', '1000.00', '880.00', '14', '16022016', '1455272282', '10'), ('66', '1', '1', '100.00', '88.00', '14', '16022016', '1455272296', '1'), ('67', '1', '2', '10.00', '8.80', '14', '16022016', '1455272306', '10'), ('68', '1', '3', '10.00', '8.80', '14', '16022016', '1455272322', '10'), ('69', '1', '3', '10.00', '8.80', '14', '16022016', '1455272322', '10'), ('70', '1', '1', '10.00', '8.80', '14', '16022016', '1455272792', '10'), ('71', '1', '1', '10.00', '8.80', '14', '16022016', '1455272794', '10'), ('72', '1', '1', '10.00', '8.80', '14', '16022016', '1455272839', '10'), ('73', '1', '2', '10.00', '8.80', '14', '16022016', '1455272854', '10'), ('74', '1', '2', '10.00', '8.80', '14', '16022016', '1455272856', '10'), ('75', '1', '3', '10.00', '8.80', '14', '16022016', '1455272873', '10'), ('76', '1', '3', '10.00', '8.80', '14', '16022016', '1455272875', '10'), ('77', '1', '5', '10.00', '8.80', '14', '16022016', '1455272890', '10'), ('78', '1', '3', '10.00', '8.80', '14', '16022016', '1455273548', '10'), ('79', '1', '1', '10.00', '8.80', '14', '16022016', '1455273559', '10'), ('80', '1', '8', '10.00', '8.80', '14', '16022016', '1455273566', '10'), ('81', '1', '8', '10.00', '8.80', '15', '16022016', '1455273566', '10'), ('82', '1', '1', '10.00', '8.80', '14', '16022016', '1455273731', '10'), ('83', '1', '2', '10.00', '8.80', '14', '16022016', '1455273731', '10'), ('84', '1', '2', '10.00', '8.80', '15', '16022016', '1455273731', '10'), ('85', '1', '3', '10.00', '8.80', '14', '16022016', '1455273731', '10'), ('86', '1', '4', '10.00', '8.80', '14', '16022016', '1455273731', '10'), ('87', '1', '4', '10.00', '8.80', '15', '16022016', '1455273731', '10'), ('88', '1', '5', '10.00', '8.80', '14', '16022016', '1455273731', '10'), ('89', '1', '6', '10.00', '8.80', '14', '16022016', '1455273731', '10'), ('90', '1', '6', '10.00', '8.80', '15', '16022016', '1455273731', '10'), ('91', '1', '22', '10.00', '6.70', '10', '16022016', '1455273960', '10'), ('92', '1', '33', '10.00', '6.70', '10', '16022016', '1455273971', '10'), ('93', '1', '33', '10.00', '6.70', '11', '16022016', '1455273971', '10'), ('94', '1', '10', '10.00', '6.70', '12', '16022016', '1455274034', '10'), ('95', '1', '11', '10.00', '6.70', '12', '16022016', '1455274124', '10'), ('96', '1', '11', '10.00', '6.70', '12', '16022016', '1455274134', '10'), ('97', '1', '11', '10.00', '6.70', '13', '16022016', '1455274134', '10'), ('98', '1', '102', '10.00', '6.20', '5', '16022016', '1455274538', '10'), ('99', '1', '120', '10.00', '6.20', '5', '16022016', '1455274538', '10'), ('100', '1', '012', '10.00', '6.20', '5', '16022016', '1455274538', '10'), ('101', '1', '021', '10.00', '6.20', '6', '16022016', '1455274538', '10'), ('102', '1', '210', '10.00', '6.20', '6', '16022016', '1455274538', '10'), ('103', '1', '201', '10.00', '6.20', '6', '16022016', '1455274538', '10'), ('104', '3', '111111', '10.00', '5.00', '1', '16022016', '1455279209', '10'), ('105', '1', '111111', '110.00', '55.00', '1', '16022016', '1455285198', 'นางวีณา สิทธืวัง 0861953333'), ('106', '18', '100000', '100.00', '50.00', '1', '16022016', '1455789251', '1000'), ('107', '18', '123', '100.00', '62.00', '5', '16022016', '1455789295', '1'), ('108', '18', '132', '100.00', '62.00', '5', '16022016', '1455789295', '1'), ('109', '18', '213', '100.00', '62.00', '5', '16022016', '1455789295', '1'), ('110', '18', '231', '100.00', '62.00', '5', '16022016', '1455789295', '1'), ('111', '18', '312', '100.00', '62.00', '5', '16022016', '1455789295', '1'), ('112', '18', '321', '100.00', '62.00', '5', '16022016', '1455789295', '1'), ('113', '18', '100', '200.00', '124.00', '5', '16022016', '1455789394', '10'), ('114', '18', '123', '1000.00', '620.00', '7', '01032016', '1456496189', '1');
COMMIT;

-- ----------------------------
--  Table structure for `tb_config`
-- ----------------------------
DROP TABLE IF EXISTS `tb_config`;
CREATE TABLE `tb_config` (
  `config_id` int(11) NOT NULL AUTO_INCREMENT,
  `config_number` varchar(255) DEFAULT NULL,
  `config_name` varchar(255) DEFAULT NULL,
  `config_key` varchar(255) DEFAULT NULL,
  `config_value` varchar(255) DEFAULT NULL,
  PRIMARY KEY (`config_id`)
) ENGINE=InnoDB AUTO_INCREMENT=3 DEFAULT CHARSET=utf8;

-- ----------------------------
--  Records of `tb_config`
-- ----------------------------
BEGIN;
INSERT INTO `tb_config` VALUES ('1', '0001', 'system', 'status', '1'), ('2', '0001', 'system', 'status-bet', '1');
COMMIT;

-- ----------------------------
--  Table structure for `tb_credit`
-- ----------------------------
DROP TABLE IF EXISTS `tb_credit`;
CREATE TABLE `tb_credit` (
  `m_id` int(11) NOT NULL,
  `credit_init` double(255,2) DEFAULT NULL,
  `credit` double(255,2) DEFAULT NULL,
  `credit_on_play` double(255,2) DEFAULT NULL,
  PRIMARY KEY (`m_id`)
) ENGINE=InnoDB DEFAULT CHARSET=utf8;

-- ----------------------------
--  Records of `tb_credit`
-- ----------------------------
BEGIN;
INSERT INTO `tb_credit` VALUES ('1', '10000.00', '161.80', '9838.20'), ('2', '100000.00', '100000.00', '0.00'), ('3', '100000.00', '91481.00', '8519.00'), ('9', '100000.00', '100000.00', '0.00'), ('10', '10000.00', '10000.00', '0.00'), ('11', '10000.00', '10000.00', '0.00'), ('12', '0.00', '0.00', '0.00'), ('13', '0.00', '0.00', '0.00'), ('14', '0.00', '0.00', '0.00'), ('15', '0.00', '0.00', '0.00'), ('16', '0.00', '0.00', '0.00'), ('17', '0.00', '0.00', '0.00'), ('18', '1000.00', '380.00', '1166.00'), ('19', '100000.00', '100000.00', '0.00'), ('20', '1000.00', '1000.00', '0.00');
COMMIT;

-- ----------------------------
--  Table structure for `tb_lottery`
-- ----------------------------
DROP TABLE IF EXISTS `tb_lottery`;
CREATE TABLE `tb_lottery` (
  `lot_number` varchar(255) NOT NULL,
  `lot_timeclose` bigint(20) DEFAULT NULL,
  `lot_status` int(11) DEFAULT NULL COMMENT '1 = ปิด, 0 = ปกติ',
  PRIMARY KEY (`lot_number`)
) ENGINE=InnoDB DEFAULT CHARSET=utf8;

-- ----------------------------
--  Records of `tb_lottery`
-- ----------------------------
BEGIN;
INSERT INTO `tb_lottery` VALUES ('01032016', '1456821000', '0');
COMMIT;

-- ----------------------------
--  Table structure for `tb_lottery_result`
-- ----------------------------
DROP TABLE IF EXISTS `tb_lottery_result`;
CREATE TABLE `tb_lottery_result` (
  `lot_result_id` int(11) NOT NULL AUTO_INCREMENT,
  `lot_type_id` int(11) DEFAULT NULL,
  `lot_result` varchar(255) DEFAULT NULL,
  `lot_number` varchar(255) DEFAULT NULL,
  `lot_date` bigint(20) DEFAULT NULL,
  `lot_order` int(11) DEFAULT NULL,
  PRIMARY KEY (`lot_result_id`)
) ENGINE=InnoDB AUTO_INCREMENT=30 DEFAULT CHARSET=utf8;

-- ----------------------------
--  Records of `tb_lottery_result`
-- ----------------------------
BEGIN;
INSERT INTO `tb_lottery_result` VALUES ('1', '1', '927800', '01022016', '1454284861', null), ('2', '2', '27800', '01022016', '1454284861', null), ('3', '3', '7800', '01022016', '1454284861', null), ('4', '4', '7080', '01022016', '1454284861', null), ('5', '4', '7008', '01022016', '1454284861', null), ('6', '4', '8700', '01022016', '1454284861', null), ('7', '4', '8070', '01022016', '1454284861', null), ('8', '4', '8007', '01022016', '1454284861', null), ('9', '4', '0708', '01022016', '1454284861', null), ('10', '4', '0780', '01022016', '1454284861', null), ('11', '4', '0807', '01022016', '1454284861', null), ('12', '4', '0870', '01022016', '1454284861', null), ('13', '4', '0078', '01022016', '1454284861', null), ('14', '4', '0087', '01022016', '1454284861', null), ('15', '5', '927', '01022016', '1454284861', null), ('16', '6', '972', '01022016', '1454284861', null), ('17', '6', '297', '01022016', '1454284861', null), ('18', '6', '279', '01022016', '1454284861', null), ('19', '6', '792', '01022016', '1454284861', null), ('20', '6', '729', '01022016', '1454284861', null), ('21', '9', '800', '01022016', '1454284861', null), ('22', '10', '080', '01022016', '1454284861', null), ('23', '10', '008', '01022016', '1454284861', null), ('24', '13', '625', '01022016', '1454284861', '1'), ('25', '13', '999', '01022016', '1454284861', '2'), ('26', '13', '054', '01022016', '1454284861', '3'), ('27', '13', '706', '01022016', '1454284861', '4'), ('28', '16', '09', '01022016', '1454284861', null), ('29', '17', '90', '01022016', '1454284861', null);
COMMIT;

-- ----------------------------
--  Table structure for `tb_lottery_type`
-- ----------------------------
DROP TABLE IF EXISTS `tb_lottery_type`;
CREATE TABLE `tb_lottery_type` (
  `lot_type_id` int(11) NOT NULL AUTO_INCREMENT,
  `lot_type_name` varchar(255) DEFAULT NULL,
  `lot_type_pay` double(255,2) DEFAULT NULL,
  `lot_type_discount` double(255,2) DEFAULT NULL,
  PRIMARY KEY (`lot_type_id`)
) ENGINE=InnoDB AUTO_INCREMENT=16 DEFAULT CHARSET=utf8;

-- ----------------------------
--  Records of `tb_lottery_type`
-- ----------------------------
BEGIN;
INSERT INTO `tb_lottery_type` VALUES ('1', '6 ตัวบน', '50000.00', '50.00'), ('2', '5 ตัวบน', '25000.00', '50.00'), ('3', '4 ตัวบน ตรง', '5000.00', '40.00'), ('4', '4 ตัวบน โต๊ด', '225.00', '40.00'), ('5', '3 ตัวบน หน้า ตรง', '550.00', '38.00'), ('6', '3 ตัวบน หน้า โต๊ด', '105.00', '38.00'), ('7', '3 ตัวบน หลัง ตรง', '550.00', '38.00'), ('8', '3 ตัวบน หลัง โต๊ด', '105.00', '38.00'), ('9', '3 ตัวล่าง ตรง', '125.00', '38.00'), ('10', '2 ตัวบน ตรง', '70.00', '33.00'), ('11', '2 ตัวบน โต๊ด', '12.00', '33.00'), ('12', '2 ตัวล่าง ตรง', '70.00', '33.00'), ('13', '2 ตัวล่าง โต๊ด', '12.00', '33.00'), ('14', '1 ตัววิ่งบน', '3.00', '12.00'), ('15', '1 ตัววิ่งล่าง', '4.00', '12.00');
COMMIT;

-- ----------------------------
--  Table structure for `tb_member`
-- ----------------------------
DROP TABLE IF EXISTS `tb_member`;
CREATE TABLE `tb_member` (
  `id` int(11) NOT NULL AUTO_INCREMENT,
  `username` varchar(255) DEFAULT NULL,
  `password` varchar(255) DEFAULT NULL,
  `name` varchar(255) DEFAULT NULL,
  `tell` varchar(255) DEFAULT NULL,
  `email` varchar(255) DEFAULT NULL,
  `status` int(11) DEFAULT NULL,
  `parent` int(11) DEFAULT NULL,
  PRIMARY KEY (`id`)
) ENGINE=InnoDB AUTO_INCREMENT=21 DEFAULT CHARSET=utf8;

-- ----------------------------
--  Records of `tb_member`
-- ----------------------------
BEGIN;
INSERT INTO `tb_member` VALUES ('1', 'g', '7ff787ecae2c418b464ab8502722a582', 'Testname Testlastname', '0888888888', null, '1', '0'), ('2', 'a', 'e10adc3949ba59abbe56e057f20f883e', 'see', null, null, '1', '0'), ('3', 'b', 'e10adc3949ba59abbe56e057f20f883e', 'aon', null, null, '1', '0'), ('4', 'g001', '7ff787ecae2c418b464ab8502722a582', 'game', '0861953377', null, '2', '1'), ('8', 'g002', 'fcea920f7412b5da7be0cf42b8c93759', 'Testname Testlastname', '0111111111', 'test@test.com', '2', '1'), ('9', 'g003', '1bbd886460827015e5d605ed44252251', 'Testname Testlastname', '0861953377', 'game_bc@hotmail.com1', '2', '1'), ('10', 'g004', '96e79218965eb72c92a549dd5a330112', 'aaa', '0888888888', '', '2', '1'), ('11', 'g005', '96e79218965eb72c92a549dd5a330112', 'aaa', '0888888888', '', '2', '1'), ('12', 'g006', '96e79218965eb72c92a549dd5a330112', 'aaa', '0888888888', '', '2', '1'), ('13', 'g007', '7fa8282ad93047a4d6fe6111c93b308a', 'aaa', '0888888888', '', '2', '1'), ('14', 'g008', '1bbd886460827015e5d605ed44252251', 'test', '0888888888', '', '2', '1'), ('15', 'g009', '1bbd886460827015e5d605ed44252251', 'Testname Testlastname', '0861953377', 'test@test.com', '2', '1'), ('16', 'g010', '96e79218965eb72c92a549dd5a330112', 'Testname1 Testlastname1', '0861953377', 'test@test.com1', '2', '1'), ('17', 'g011', '7ff787ecae2c418b464ab8502722a582', 'Testname1 Testlastname', '0888888888', 'test@test.com', '2', '1'), ('18', 'g012', '96e79218965eb72c92a549dd5a330112', 'Pemphakin Sittiwong Testlastname', '0888888888', 'test@test.com', '2', '1'), ('19', 'g013', '96e79218965eb72c92a549dd5a330112', 'Testname Testlastname', '0861953377', 'game_bc@hotmail.com', '2', '1'), ('20', 'g014', '96e79218965eb72c92a549dd5a330112', 'aaa', '0888888888', '', '2', '1');
COMMIT;

-- ----------------------------
--  Table structure for `tb_member_detail`
-- ----------------------------
DROP TABLE IF EXISTS `tb_member_detail`;
CREATE TABLE `tb_member_detail` (
  `m_id` int(11) NOT NULL,
  `m_firstname` varchar(255) DEFAULT NULL,
  `m_lastname` varchar(255) DEFAULT NULL,
  `m_tell` varchar(255) DEFAULT NULL,
  `m_email` varchar(255) DEFAULT NULL,
  `m_bank_name` varchar(255) DEFAULT NULL,
  `m_bank_number` varchar(255) DEFAULT NULL,
  `m_bank_profile` varchar(255) DEFAULT NULL,
  `m_bank_branch` varchar(255) DEFAULT NULL,
  PRIMARY KEY (`m_id`)
) ENGINE=InnoDB DEFAULT CHARSET=utf8;

-- ----------------------------
--  Records of `tb_member_detail`
-- ----------------------------
BEGIN;
INSERT INTO `tb_member_detail` VALUES ('8', 'Testname', 'Testlastname', '0111111111', 'test@test.com', 'ธนาคารกรุงศรีอยุธยา', '1111111111', 'test', 'test'), ('9', 'Testname', 'Testlastname', '0861953377', 'game_bc@hotmail.com1', 'ธนาคารกรุงศรีอยุธยา', '1111111111', 'test', 'test '), ('15', 'Testname', 'Testlastname', '0861953377', 'test@test.com', 'ธนาคารทหารไทย', '1111111111', 'test', 'test'), ('16', 'Testname1', 'Testlastname1', '0861953377', 'test@test.com1', 'ธนาคารกรุงไทย', '1111111111', 'test1', 'test1  '), ('17', 'Testname1', 'Testlastname', '0888888888', 'test@test.com', 'ธนาคารกรุงศรีอยุธยา', '1111111111', 'test', 'test   '), ('18', 'Pemphakin Sittiwong', 'Testlastname', '0888888888', 'test@test.com', 'ธนาคารกรุงเทพ', '1111111111', 'test', 'test '), ('19', 'Testname', 'Testlastname', '0861953377', 'game_bc@hotmail.com', 'ธนาคารทหารไทย', '1111111111', 'test', 'test');
COMMIT;

-- ----------------------------
--  Table structure for `tb_refund`
-- ----------------------------
DROP TABLE IF EXISTS `tb_refund`;
CREATE TABLE `tb_refund` (
  `re_id` int(11) NOT NULL AUTO_INCREMENT,
  `re_from_m_id` int(11) DEFAULT NULL,
  `re_to_m_id` int(11) DEFAULT NULL,
  `re_credit` double DEFAULT NULL,
  `re_bank_number` varchar(255) DEFAULT NULL,
  `re_datetime` bigint(30) DEFAULT NULL,
  `re_type` int(11) DEFAULT NULL COMMENT 'if > 0 = deposit, < 0 = withdraw',
  `re_from_page` varchar(255) DEFAULT NULL,
  `re_IP` varchar(255) DEFAULT NULL,
  PRIMARY KEY (`re_id`)
) ENGINE=InnoDB AUTO_INCREMENT=34 DEFAULT CHARSET=utf8;

-- ----------------------------
--  Records of `tb_refund`
-- ----------------------------
BEGIN;
INSERT INTO `tb_refund` VALUES ('1', '1', '9', '1000', '', '1455780698', '1', 'รายชื่อสมาชิก', '::1'), ('2', '1', '9', '-1000', '', '1455782129', '2', 'รายชื่อสมาชิก', '::1'), ('3', '1', '9', '-1000', '', '1455782133', '2', 'รายชื่อสมาชิก', '::1'), ('4', '1', '9', '9000', '', '1455787131', '1', 'รายชื่อสมาชิก', '::1'), ('5', '1', '9', '-10000', '', '1455787517', '2', 'รายชื่อสมาชิก', '::1'), ('6', '1', '9', '10', '', '1455788042', '1', 'รายชื่อสมาชิก', '::1'), ('7', '1', '9', '990', '', '1455788064', '1', 'รายชื่อสมาชิก', '::1'), ('8', '1', '9', '99000', '', '1455788455', '1', 'รายชื่อสมาชิก', '::1'), ('9', '1', '9', '-99000', '', '1455788524', '2', 'รายชื่อสมาชิก', '::1'), ('10', '1', '9', '99000', '', '1455788577', '1', 'รายชื่อสมาชิก', '::1'), ('11', '1', '9', '900000', '', '1455788608', '1', 'รายชื่อสมาชิก', '::1'), ('12', '1', '9', '-990000', '', '1455788649', '2', 'รายชื่อสมาชิก', '::1'), ('13', '1', '10', '10000', '', '1455788661', '1', 'รายชื่อสมาชิก', '::1'), ('14', '1', '18', '10000', '', '1455789114', '1', 'รายชื่อสมาชิก', '::1'), ('15', '1', '18', '-9000', '', '1455789356', '2', 'รายชื่อสมาชิก', '::1'), ('16', '1', '18', '-454', '', '1455789421', '2', 'รายชื่อสมาชิก', '::1'), ('17', '1', '9', '90000', '', '1455802510', '1', 'รายชื่อสมาชิก', '::1'), ('18', '1', '9', '-99000', '', '1455827579', '2', 'รายชื่อสมาชิก', '::1'), ('19', '1', '9', '99000', '', '1455828379', '1', 'รายชื่อสมาชิก', '::1'), ('20', '1', '19', '10000', '', '1455828468', '1', 'รายชื่อสมาชิก', '::1'), ('21', '1', '11', '10000', '', '1455862140', '1', 'รายชื่อสมาชิก', '::1'), ('22', '1', '18', '1000', '', '1455862150', '1', 'รายชื่อสมาชิก', '::1'), ('23', '1', '19', '90000', '', '1455862162', '1', 'รายชื่อสมาชิก', '::1'), ('24', '1', '9', '100000', '', '1455862211', '1', 'รายชื่อสมาชิก', '::1'), ('25', '1', '9', '100000', '', '1455862215', '1', 'รายชื่อสมาชิก', '::1'), ('26', '1', '9', '100000', '', '1455862219', '1', 'รายชื่อสมาชิก', '::1'), ('27', '1', '9', '100000', '', '1455862222', '1', 'รายชื่อสมาชิก', '::1'), ('28', '1', '9', '100000', '', '1455862227', '1', 'รายชื่อสมาชิก', '::1'), ('29', '1', '9', '100000', '', '1455862230', '1', 'รายชื่อสมาชิก', '::1'), ('30', '1', '9', '100000', '', '1455862249', '1', 'รายชื่อสมาชิก', '::1'), ('31', '1', '9', '-700000', '', '1455862254', '2', 'รายชื่อสมาชิก', '::1'), ('32', '1', '20', '10000', '', '1455967277', '1', 'รายชื่อสมาชิก', '::1'), ('33', '1', '20', '-9000', '', '1455967306', '2', 'รายชื่อสมาชิก', '::1');
COMMIT;

-- ----------------------------
--  Table structure for `tb_register`
-- ----------------------------
DROP TABLE IF EXISTS `tb_register`;
CREATE TABLE `tb_register` (
  `r_id` int(11) NOT NULL AUTO_INCREMENT,
  `r_name` varchar(255) DEFAULT NULL,
  `r_tel` varchar(255) DEFAULT NULL,
  `r_status` int(11) DEFAULT NULL,
  PRIMARY KEY (`r_id`)
) ENGINE=InnoDB DEFAULT CHARSET=utf8;

SET FOREIGN_KEY_CHECKS = 1;
